[
  {
    "id": "1",
    "img": "./src/assets/img/gallery/1.jpg"
  },
  {
    "id": "2",
    "img": "./src/assets/img/gallery/2.jpg"
  },
  {
    "id": "3",
    "img": "./src/assets/img/gallery/3.jpg"
  },
  {
    "id": "4",
    "img": "./src/assets/img/gallery/4.jpg"
  },
  {
    "id": "5",
    "img": "./src/assets/img/gallery/5.jpg"
  },
  {
    "id": "6",
    "img": "./src/assets/img/gallery/6.jpg"
  },
  {
    "id": "7",
    "img": "./src/assets/img/gallery/7.jpg"
  },
  {
    "id": "8",
    "img": "./src/assets/img/gallery/8.jpg"
  },
  {
    "id": "9",
    "img": "./src/assets/img/gallery/9.jpg"
  },
  {
    "id": "10",
    "img": "./src/assets/img/gallery/10.jpg"
  },
  {
    "id": "11",
    "img": "./src/assets/img/gallery/11.jpg"
  }
]