[
  {
    "id": "1",
    "img": "./src/assets/img/menu_food/1.jpg"
  },
  {
    "id": "2",
    "img": "./src/assets/img/menu_food/2.jpg"
  },
  {
    "id": "3",
    "img": "./src/assets/img/menu_food/3.jpg"
  },
  {
    "id": "4",
    "img": "./src/assets/img/menu_food/4.jpg"
  },
  {
    "id": "5",
    "img": "./src/assets/img/menu_food/5.jpg"
  },
  {
    "id": "6",
    "img": "./src/assets/img/menu_food/6.jpg"
  },
  {
    "id": "7",
    "img": "./src/assets/img/menu_food/7.jpg"
  },
  {
    "id": "8",
    "img": "./src/assets/img/menu_food/8.jpg"
  },
  {
    "id": "9",
    "img": "./src/assets/img/menu_food/9.jpg"
  },
  {
    "id": "10",
    "img": "./src/assets/img/menu_food/10.jpg"
  },
  {
    "id": "11",
    "img": "./src/assets/img/menu_food/11.jpg"
  },
  {
    "id": "12",
    "img": "./src/assets/img/menu_food/12.jpg"
  },
  {
    "id": "13",
    "img": "./src/assets/img/menu_food/13.jpg"
  },
  {
    "id": "14",
    "img": "./src/assets/img/menu_food/14.jpg"
  }
]